INSERT INTO Users([UserID],[Username],[UserPassword],[FirstName],[LastName],[Address],[City],[Country],[PhoneNumber],[EmailAddress],[UserRole]) VALUES('1ECAC303-34E9-4A15-835C-ABCAC5D039DD','UptonFlynn','1234asdf','Upton','Flynn','5661 Turpis. St.','Fallais','Guinea','063-511-7196','felis.ullamcorper.viverra@Suspendissenonleo.edu','user');
INSERT INTO Users([UserID],[Username],[UserPassword],[FirstName],[LastName],[Address],[City],[Country],[PhoneNumber],[EmailAddress],[UserRole]) VALUES('94968FB9-F649-45B2-B24D-543FDA14B563','WhilminaMeyers','1234asdf','Whilemina','Meyers','P.O. Box 361, 8723 At, Street','Lathuy','Heard Island and Mcdonald Islands','028-662-0992','Proin@dictumeu.co.uk','user');
INSERT INTO Users([UserID],[Username],[UserPassword],[FirstName],[LastName],[Address],[City],[Country],[PhoneNumber],[EmailAddress],[UserRole]) VALUES('5D1FC4D4-87C1-478A-9F86-4177F1C05654','HillaryHolder','1234asdf','Hillary','Holder','510-559 Ante St.','Buggenhout','Togo','090-708-9278','cursus.diam.at@nunc.org','user');
INSERT INTO Users([UserID],[Username],[UserPassword],[FirstName],[LastName],[Address],[City],[Country],[PhoneNumber],[EmailAddress],[UserRole]) VALUES('9F400985-D4E7-47D9-AC67-6FDA40524F57','UrsaSheppard','1234asdf','Ursa','Sheppard','P.O. Box 246, 1889 Ante Avenue','Oudenaken','Brunei','017-489-4232','ante.Maecenas@nulla.com','user');
INSERT INTO Users([UserID],[Username],[UserPassword],[FirstName],[LastName],[Address],[City],[Country],[PhoneNumber],[EmailAddress],[UserRole]) VALUES('50373624-193D-4076-B918-B22F3ECB7A03','NehryMann','1234asdf','Nehru','Mann','1780 Et Ave','Teno','Montserrat','005-130-2666','odio.semper.cursus@Nullamenim.edu','user');
INSERT INTO Users([UserID],[Username],[UserPassword],[FirstName],[LastName],[Address],[City],[Country],[PhoneNumber],[EmailAddress],[UserRole]) VALUES('81BEA945-4293-4062-95C2-BC252E93E21B','MonaMyers','1234asdf','Mona','Myers','P.O. Box 971, 3649 Quisque Avenue','Kitscoty','Costa Rica','030-970-2687','varius.ultrices.mauris@Vestibulumuteros.org','user');
INSERT INTO Users([UserID],[Username],[UserPassword],[FirstName],[LastName],[Address],[City],[Country],[PhoneNumber],[EmailAddress],[UserRole]) VALUES('1AA4E55C-C011-48BA-A340-72FC5A6DCF60','KaseemBranch','1234asdf','Kaseem','Branch','3300 Nunc Ave','Meerle','Australia','025-579-7720','amet.diam.eu@mattis.net','user');
INSERT INTO Users([UserID],[Username],[UserPassword],[FirstName],[LastName],[Address],[City],[Country],[PhoneNumber],[EmailAddress],[UserRole]) VALUES('93A8A78D-BDBE-4232-9833-309F474523F0','DebraHurst','1234asdf','Debra','Hurst','Ap #998-8345 Lacus. Street','Levis','Niue','051-547-7629','mollis.nec.cursus@iaculisaliquet.net','user');
INSERT INTO Users([UserID],[Username],[UserPassword],[FirstName],[LastName],[Address],[City],[Country],[PhoneNumber],[EmailAddress],[UserRole]) VALUES('A28C928C-67F7-4168-8294-18CA944669F9','DianaCurtis','1234asdf','Diana','Curtis','P.O. Box 440, 6993 Lobortis Av.','Delhi','Greece','015-828-6928','est.congue@etipsumcursus.edu','user');
INSERT INTO Users([UserID],[Username],[UserPassword],[FirstName],[LastName],[Address],[City],[Country],[PhoneNumber],[EmailAddress],[UserRole]) VALUES('B0A4F8C1-F3D4-4BAA-AA12-D7A53F6353BA','TallulahBenson','1234asdf','Tallulah','Benson','Ap #504-1023 Amet Av.','Würzburg','Congo (Brazzaville)','003-359-1756','mi@Duis.net','user');
INSERT INTO Users([UserID],[Username],[UserPassword],[FirstName],[LastName],[Address],[City],[Country],[PhoneNumber],[EmailAddress],[UserRole]) VALUES('BBCB8EA9-3FF1-4CF9-A84B-691B9251E911','KasperLowery','1234asdf','Kasper','Lowery','5728 Faucibus St.','Savannah','Viet Nam','007-070-1094','ipsum.Phasellus.vitae@Suspendisse.org','user');
INSERT INTO Users([UserID],[Username],[UserPassword],[FirstName],[LastName],[Address],[City],[Country],[PhoneNumber],[EmailAddress],[UserRole]) VALUES('F8E433D5-35A6-41D0-8D67-F397CF1F818F','SloaneCohen','1234asdf','Sloane','Cohen','1281 Neque St.','Welland','Tonga','097-257-5660','sociis.natoque@a.edu','user');
INSERT INTO Users([UserID],[Username],[UserPassword],[FirstName],[LastName],[Address],[City],[Country],[PhoneNumber],[EmailAddress],[UserRole]) VALUES('ED0312F0-8654-4341-AD51-E15D0F0148CF','LaithMercer','1234asdf','Laith','Mercer','Ap #577-1431 Purus, Rd.','Olinda','Ethiopia','078-997-2541','nulla.Integer@vulputateeu.edu','user');
INSERT INTO Users([UserID],[Username],[UserPassword],[FirstName],[LastName],[Address],[City],[Country],[PhoneNumber],[EmailAddress],[UserRole]) VALUES('FF82CB9D-F067-43BD-A4D8-76CD63A3E271','TadMontgomery','1234asdf','Tad','Montgomery','557-9116 Maecenas Rd.','Béthune','Syria','016-075-6405','molestie@nec.com','user');
INSERT INTO Users([UserID],[Username],[UserPassword],[FirstName],[LastName],[Address],[City],[Country],[PhoneNumber],[EmailAddress],[UserRole]) VALUES('99974625-D629-478E-8E0D-FF29C0F426BE','EugeniaRosa','1234asdf','Eugenia','Rosa','Ap #333-1249 Fusce Rd.','Enschede','Åland Islands','029-391-4266','lectus.pede@aliquet.edu','user');
INSERT INTO Users([UserID],[Username],[UserPassword],[FirstName],[LastName],[Address],[City],[Country],[PhoneNumber],[EmailAddress],[UserRole]) VALUES('6838072B-F221-4E76-A0D6-5DEB95617359','PhyllisTownsend','1234asdf','Phyllis','Townsend','5561 Sem. Av.','Laguna Blanca','Turkmenistan','092-778-0444','luctus.lobortis.Class@nondui.org','user');
INSERT INTO Users([UserID],[Username],[UserPassword],[FirstName],[LastName],[Address],[City],[Country],[PhoneNumber],[EmailAddress],[UserRole]) VALUES('9AD30BD4-DC73-43D8-B28A-D78E54385603','PhillipHolmes','1234asdf','Phillip','Holmes','Ap #546-6465 Eu, St.','Provo','Thailand','084-097-7256','nec@gravida.co.uk','user');
INSERT INTO Users([UserID],[Username],[UserPassword],[FirstName],[LastName],[Address],[City],[Country],[PhoneNumber],[EmailAddress],[UserRole]) VALUES('C1DB082B-CA3C-4F1F-BF5A-678E6BD85F97','AspenCarney','1234asdf','Aspen','Carney','7788 Quisque Ave','Atlanta','Antigua and Barbuda','019-845-7553','Cum@sem.co.uk','user');
INSERT INTO Users([UserID],[Username],[UserPassword],[FirstName],[LastName],[Address],[City],[Country],[PhoneNumber],[EmailAddress],[UserRole]) VALUES('56980852-E4E6-417D-80D3-E8B4C4E0BACC','LucyWise','1234asdf','Lucy','Wise','4923 Libero Rd.','Meldert','Oman','016-394-9813','vel.sapien@uteros.net','user');
INSERT INTO Users([UserID],[Username],[UserPassword],[FirstName],[LastName],[Address],[City],[Country],[PhoneNumber],[EmailAddress],[UserRole]) VALUES('6B06071B-3786-4AA5-B728-69EAE00F6304','DaleCline','1234asdf','Dale','Cline','Ap #779-2254 Id, Avenue','Topeka','Suriname','071-027-3094','ac@semvitae.com','user');
INSERT INTO Users([UserID],[Username],[UserPassword],[FirstName],[LastName],[Address],[City],[Country],[PhoneNumber],[EmailAddress],[UserRole]) VALUES('25611045-FFB1-41F5-BF10-D3C2473B7AA2','david1','1234asdf','David','Wiseman','423 Liberto Rd.','Meldert','Coman','016-394-9813','veli.sapien@uteros.net','admin');
INSERT INTO Users([UserID],[Username],[UserPassword],[FirstName],[LastName],[Address],[City],[Country],[PhoneNumber],[EmailAddress],[UserRole]) VALUES('2B04EB44-9A29-4F87-AF3F-7BFCA7D42BF7','david2','1234asdf','David','Clinefelter','Ap #79-2254 Id, Avenue','Topeca','Suriname','071-027-3094','aci@semvitae.com','admin');


INSERT INTO [Images]([ImageID],[ImageUrl]) VALUES('ADD253C0-1B68-415E-8A51-0877C511D0FF','images/1');
INSERT INTO [Images]([ImageID],[ImageUrl]) VALUES('8DC5CB0B-BEBB-4A28-BB37-56DB28B05F2D','images/2');
INSERT INTO [Images]([ImageID],[ImageUrl]) VALUES('98D424F4-67D0-4550-BCE0-706A1B4DE767','images/3');
INSERT INTO [Images]([ImageID],[ImageUrl]) VALUES('DF82DEBE-3A93-4713-9632-E27CDCCF1E9D','images/4');
INSERT INTO [Images]([ImageID],[ImageUrl]) VALUES('E1FBCF0D-B403-490C-8CB1-7BA9CA20CF71','images/5');
INSERT INTO [Images]([ImageID],[ImageUrl]) VALUES('B5F0B5B9-93C3-4A1E-8159-C1CEE1B1EA10','images/6');
INSERT INTO [Images]([ImageID],[ImageUrl]) VALUES('E036350C-D881-402F-B97A-DC00F14AD513','images/7');
INSERT INTO [Images]([ImageID],[ImageUrl]) VALUES('14ADAD32-DD6F-45B7-A518-95931986DED2','images/8');
INSERT INTO [Images]([ImageID],[ImageUrl]) VALUES('D234A614-34B0-475C-95D3-F5D2B50D5A32','images/9');
INSERT INTO [Images]([ImageID],[ImageUrl]) VALUES('1396937C-51B1-4452-B245-8185A5A64D74','images/10');


INSERT INTO Categories([CategoryID],[CategoryName],[ImageID]) VALUES('D8C5D334-18C0-4089-B577-54429ADEC7C7','Shirts','ADD253C0-1B68-415E-8A51-0877C511D0FF');
INSERT INTO Categories([CategoryID],[CategoryName],[ImageID]) VALUES('71BCA2D4-51DD-4A92-9706-AD9550587088','Suits','ADD253C0-1B68-415E-8A51-0877C511D0FF');
INSERT INTO Categories([CategoryID],[CategoryName],[ImageID]) VALUES('992CCE09-61E0-4BA8-B0EA-71D42C2E4416','Knitwear','8DC5CB0B-BEBB-4A28-BB37-56DB28B05F2D');
INSERT INTO Categories([CategoryID],[CategoryName],[ImageID]) VALUES('37288105-8B2E-404B-9657-DD8D684EDE06','Jackets','ADD253C0-1B68-415E-8A51-0877C511D0FF');
INSERT INTO Categories([CategoryID],[CategoryName],[ImageID]) VALUES('C69705D2-F515-4AC0-87CA-97E07F5F854A','Accessories','8DC5CB0B-BEBB-4A28-BB37-56DB28B05F2D');
INSERT INTO Categories([CategoryID],[CategoryName],[ImageID]) VALUES('9E3480A5-D072-4D42-B926-248BFA4ADDA2','Watches','ADD253C0-1B68-415E-8A51-0877C511D0FF');
INSERT INTO Categories([CategoryID],[CategoryName],[ImageID]) VALUES('C4CF6309-0431-4FBB-8D77-85BEC76D42CE','Shoes','8DC5CB0B-BEBB-4A28-BB37-56DB28B05F2D');
INSERT INTO Categories([CategoryID],[CategoryName],[ImageID],[ParentID]) VALUES('00034C18-086F-4E47-937A-2A4B5B2C764A','Ties','98D424F4-67D0-4550-BCE0-706A1B4DE767','C69705D2-F515-4AC0-87CA-97E07F5F854A');
INSERT INTO Categories([CategoryID],[CategoryName],[ImageID],[ParentID]) VALUES('C00C0E89-DC1D-4971-AA39-FD1FF09FFDA8','Neckties','DF82DEBE-3A93-4713-9632-E27CDCCF1E9D','C69705D2-F515-4AC0-87CA-97E07F5F854A');
INSERT INTO Categories([CategoryID],[CategoryName],[ImageID],[ParentID]) VALUES('474E50BA-B690-4181-B291-D94543529A84','Pocket Squares','E1FBCF0D-B403-490C-8CB1-7BA9CA20CF71','C69705D2-F515-4AC0-87CA-97E07F5F854A');



INSERT INTO Products([ProductID],[CategoryID],[ProductName],[ProductDescription],[ImageID],[Price]) VALUES('DD1A7A02-A161-49AF-997A-9CDB7E98AA35','D8C5D334-18C0-4089-B577-54429ADEC7C7','Napoli Shirt','Easy iron shirt. Light floral model.','B5F0B5B9-93C3-4A1E-8159-C1CEE1B1EA10','78');
INSERT INTO Products([ProductID],[CategoryID],[ProductName],[ProductDescription],[ImageID],[Price]) VALUES('611D852A-57CA-44A9-A6A4-1D6155BA6B95','D8C5D334-18C0-4089-B577-54429ADEC7C7','Whistler Shirt','Easy iron shirt. Slim fit, refined cotton','B5F0B5B9-93C3-4A1E-8159-C1CEE1B1EA10','80');
INSERT INTO Products([ProductID],[CategoryID],[ProductName],[ProductDescription],[ImageID],[Price]) VALUES('A3D1CDC3-3623-44EF-95F7-1A200A8F51F2','D8C5D334-18C0-4089-B577-54429ADEC7C7','Nagoya Shirt','Button-Down shirt. White colour.','B5F0B5B9-93C3-4A1E-8159-C1CEE1B1EA10','60');
INSERT INTO Products([ProductID],[CategoryID],[ProductName],[ProductDescription],[ImageID],[Price]) VALUES('93800120-847B-44D8-B5F3-3A0267670EF4','D8C5D334-18C0-4089-B577-54429ADEC7C7','Milano Cutaway Shirt','Cutaway shirt. Dark floral model.','B5F0B5B9-93C3-4A1E-8159-C1CEE1B1EA10','85');
INSERT INTO Products([ProductID],[CategoryID],[ProductName],[ProductDescription],[ImageID],[Price]) VALUES('CB11278F-BC6F-4A1D-97C2-C4443A50F099','D8C5D334-18C0-4089-B577-54429ADEC7C7','Caracas Shirt','Easy iron shirt. Clean model.','B5F0B5B9-93C3-4A1E-8159-C1CEE1B1EA10','80');

INSERT INTO Products([ProductID],[CategoryID],[ProductName],[ProductDescription],[ImageID],[Price]) VALUES('BC0BC500-3C68-445F-B339-4C27041D9A43','71BCA2D4-51DD-4A92-9706-AD9550587088','Brown Suit','Color brown suit for men','E036350C-D881-402F-B97A-DC00F14AD513','200');
INSERT INTO Products([ProductID],[CategoryID],[ProductName],[ProductDescription],[ImageID],[Price]) VALUES('574DBEB3-89E2-4467-8233-E60FDA888AFF','71BCA2D4-51DD-4A92-9706-AD9550587088','Dark Suit','Slim fit suit','E036350C-D881-402F-B97A-DC00F14AD513','229');
INSERT INTO Products([ProductID],[CategoryID],[ProductName],[ProductDescription],[ImageID],[Price]) VALUES('19C073FB-DBDA-4A34-9657-C04B132CD58D','71BCA2D4-51DD-4A92-9706-AD9550587088','Tuxedo Suit','Elegant tuxedo suit for special events','E036350C-D881-402F-B97A-DC00F14AD513','250');
INSERT INTO Products([ProductID],[CategoryID],[ProductName],[ProductDescription],[ImageID],[Price]) VALUES('A032CD99-D6E9-49EF-A21F-3867287BB646','71BCA2D4-51DD-4A92-9706-AD9550587088','Red Satin Suit','Red Satin suit. ','E036350C-D881-402F-B97A-DC00F14AD513','230');
INSERT INTO Products([ProductID],[CategoryID],[ProductName],[ProductDescription],[ImageID],[Price]) VALUES('46B938EB-8EC0-4631-B62D-7A4E713C0F3B','71BCA2D4-51DD-4A92-9706-AD9550587088','Black Floral Suit','Black floral model suit','E036350C-D881-402F-B97A-DC00F14AD513','220');

INSERT INTO Products([ProductID],[CategoryID],[ProductName],[ProductDescription],[ImageID],[Price]) VALUES('17B3957F-CAEE-4208-A439-0B16FC8CCA4A','992CCE09-61E0-4BA8-B0EA-71D42C2E4416','Brown Henley','Brown knitted henley. Beautiful colour','14ADAD32-DD6F-45B7-A518-95931986DED2','90');
INSERT INTO Products([ProductID],[CategoryID],[ProductName],[ProductDescription],[ImageID],[Price]) VALUES('8E94409B-918F-4D88-86C0-9F3E9CF0508E','992CCE09-61E0-4BA8-B0EA-71D42C2E4416','Burgundy Bomber Cardigan','Slim fit burgundy bomber cardigan','14ADAD32-DD6F-45B7-A518-95931986DED2','90');
INSERT INTO Products([ProductID],[CategoryID],[ProductName],[ProductDescription],[ImageID],[Price]) VALUES('E6E4F4E0-DCC8-49F9-9715-167104310F52','992CCE09-61E0-4BA8-B0EA-71D42C2E4416','Black Bomber Cardigan','Elegant black bomber cardigan','14ADAD32-DD6F-45B7-A518-95931986DED2','92');
INSERT INTO Products([ProductID],[CategoryID],[ProductName],[ProductDescription],[ImageID],[Price]) VALUES('F84032B6-D913-4CE2-80EE-89BC6B49D42C','992CCE09-61E0-4BA8-B0EA-71D42C2E4416','Blue Speckle Crew Neck','Blue colored speckle crew neck. ','14ADAD32-DD6F-45B7-A518-95931986DED2','94');
INSERT INTO Products([ProductID],[CategoryID],[ProductName],[ProductDescription],[ImageID],[Price]) VALUES('922EAA5E-D3D6-4553-83A9-E85E53F785C3','992CCE09-61E0-4BA8-B0EA-71D42C2E4416','Grey Melange Turtle Neck','Grey melange turtle neck cardigan. Beautiful model','14ADAD32-DD6F-45B7-A518-95931986DED2','94');

INSERT INTO Products([ProductID],[CategoryID],[ProductName],[ProductDescription],[ImageID],[Price]) VALUES('CE874F6C-7BBC-42FD-9DBF-D1D5469478E4','37288105-8B2E-404B-9657-DD8D684EDE06','Stone Gray Limoges Jacket','Thick winter jacket. Beautiful color.','D234A614-34B0-475C-95D3-F5D2B50D5A32','290');
INSERT INTO Products([ProductID],[CategoryID],[ProductName],[ProductDescription],[ImageID],[Price]) VALUES('F556124F-7D7F-44C6-92FB-AC7F27E99271','37288105-8B2E-404B-9657-DD8D684EDE06','Cognac Marloes Jacket','Slim fit cognac marloes jacket','D234A614-34B0-475C-95D3-F5D2B50D5A32','290');
INSERT INTO Products([ProductID],[CategoryID],[ProductName],[ProductDescription],[ImageID],[Price]) VALUES('320BCD14-B175-4880-9C4C-4B20FA4CF8D8','37288105-8B2E-404B-9657-DD8D684EDE06','Black Marloes Jacket','Black color jacket. Winter edition','D234A614-34B0-475C-95D3-F5D2B50D5A32','292');
INSERT INTO Products([ProductID],[CategoryID],[ProductName],[ProductDescription],[ImageID],[Price]) VALUES('413DDCE6-0DB5-4D63-BB21-58CE95EDFD57','37288105-8B2E-404B-9657-DD8D684EDE06','Burgundy Limoges Jacket','Regular fit burgundy limoges jacket with chest pocket','D234A614-34B0-475C-95D3-F5D2B50D5A32','294');
INSERT INTO Products([ProductID],[CategoryID],[ProductName],[ProductDescription],[ImageID],[Price]) VALUES('FC147E4A-35A9-4BB5-BACC-7199BB499CD9','37288105-8B2E-404B-9657-DD8D684EDE06','Navy Blue Marloes Jacket','Slim fit blue jacket','D234A614-34B0-475C-95D3-F5D2B50D5A32','294');

INSERT INTO Products([ProductID],[CategoryID],[ProductName],[ProductDescription],[ImageID],[Price]) VALUES('EFA57A39-FEE1-45D6-85F3-143DC8FD1C7B','00034C18-086F-4E47-937A-2A4B5B2C764A','Floral tie','Floral model tie, very beautiful colors','1396937C-51B1-4452-B245-8185A5A64D74','20');
INSERT INTO Products([ProductID],[CategoryID],[ProductName],[ProductDescription],[ImageID],[Price]) VALUES('8F413FE9-84AC-4B2F-B880-41612003FFA9','474E50BA-B690-4181-B291-D94543529A84','Blue pocket square','Pocket square. Blue color','1396937C-51B1-4452-B245-8185A5A64D74','10');
INSERT INTO Products([ProductID],[CategoryID],[ProductName],[ProductDescription],[ImageID],[Price]) VALUES('8E2D663E-6FA2-41D9-BE69-4A3AF397D818','474E50BA-B690-4181-B291-D94543529A84','Black pocket square','Black pocket square for light color suits','1396937C-51B1-4452-B245-8185A5A64D74','12');
INSERT INTO Products([ProductID],[CategoryID],[ProductName],[ProductDescription],[ImageID],[Price]) VALUES('53FF1A2B-BCB8-45C7-B037-362207D35EED','00034C18-086F-4E47-937A-2A4B5B2C764A','Burgundy tie','Burgundy tie, good material','1396937C-51B1-4452-B245-8185A5A64D74','24');
INSERT INTO Products([ProductID],[CategoryID],[ProductName],[ProductDescription],[ImageID],[Price]) VALUES('3FD3D8C5-7B90-4FDA-9B09-3ABB540AB41A','C00C0E89-DC1D-4971-AA39-FD1FF09FFDA8','Navy Blue necktie','Elegant Necktie for special events','1396937C-51B1-4452-B245-8185A5A64D74','26');

INSERT INTO Products([ProductID],[CategoryID],[ProductName],[ProductDescription],[ImageID],[Price]) VALUES('FADB7490-52BD-4140-BBE2-CEF39B47B1C1','9E3480A5-D072-4D42-B926-248BFA4ADDA2','Montpellier Blue Chronograph Watch','Very beautiful color. Montpellier Blue.','ADD253C0-1B68-415E-8A51-0877C511D0FF','180');
INSERT INTO Products([ProductID],[CategoryID],[ProductName],[ProductDescription],[ImageID],[Price]) VALUES('081CBF65-E220-4062-8C5C-FCFFCB32D383','9E3480A5-D072-4D42-B926-248BFA4ADDA2','Santiago Black Watch','Santiago watch. Dark color','ADD253C0-1B68-415E-8A51-0877C511D0FF','190');
INSERT INTO Products([ProductID],[CategoryID],[ProductName],[ProductDescription],[ImageID],[Price]) VALUES('80AB1B62-4320-4547-9869-6B0244B38E01','9E3480A5-D072-4D42-B926-248BFA4ADDA2','Kinsale Gold Chronograph Watch','Gold chronograph watch. Very elegant','ADD253C0-1B68-415E-8A51-0877C511D0FF','192');
INSERT INTO Products([ProductID],[CategoryID],[ProductName],[ProductDescription],[ImageID],[Price]) VALUES('00ED214D-1418-42AB-B594-039BCD663322','9E3480A5-D072-4D42-B926-248BFA4ADDA2','Kinsale Silver Chronograph Watch','Metal watch. Silver look','ADD253C0-1B68-415E-8A51-0877C511D0FF','194');
INSERT INTO Products([ProductID],[CategoryID],[ProductName],[ProductDescription],[ImageID],[Price]) VALUES('FC407F92-C205-422B-90A0-55FBC62CEE1D','9E3480A5-D072-4D42-B926-248BFA4ADDA2','Kingston White Chronograph Watch','Elegant watch for special events','ADD253C0-1B68-415E-8A51-0877C511D0FF','190');

INSERT INTO Products([ProductID],[CategoryID],[ProductName],[ProductDescription],[ImageID],[Price]) VALUES('5D904388-431D-4B61-993A-D85D087886F9','C4CF6309-0431-4FBB-8D77-85BEC76D42CE','Black leather boots','Black leather boots for winter','8DC5CB0B-BEBB-4A28-BB37-56DB28B05F2D','80');
INSERT INTO Products([ProductID],[CategoryID],[ProductName],[ProductDescription],[ImageID],[Price]) VALUES('DB91FD0D-02D0-42FE-A8DA-48A81AD9D7DB','C4CF6309-0431-4FBB-8D77-85BEC76D42CE','Casual black shoes','Black dress shoes. Fit for wearing with a black suit','8DC5CB0B-BEBB-4A28-BB37-56DB28B05F2D','90');
INSERT INTO Products([ProductID],[CategoryID],[ProductName],[ProductDescription],[ImageID],[Price]) VALUES('CBF4DBED-A5D0-4890-9354-96C2F806DE45','C4CF6309-0431-4FBB-8D77-85BEC76D42CE','Brown shoes','Brown shoes with perforated model','8DC5CB0B-BEBB-4A28-BB37-56DB28B05F2D','92');
INSERT INTO Products([ProductID],[CategoryID],[ProductName],[ProductDescription],[ImageID],[Price]) VALUES('A9ED3421-5062-4178-B9C4-B25B4FCDD9AC','C4CF6309-0431-4FBB-8D77-85BEC76D42CE','Black leather loafers','Summer loafers. Cool model.','8DC5CB0B-BEBB-4A28-BB37-56DB28B05F2D','94');
INSERT INTO Products([ProductID],[CategoryID],[ProductName],[ProductDescription],[ImageID],[Price]) VALUES('24128636-04DF-4DD6-885D-BBEF9187327E','C4CF6309-0431-4FBB-8D77-85BEC76D42CE','Blue dress shoes','Elegant blue shoes. Beautiful color','8DC5CB0B-BEBB-4A28-BB37-56DB28B05F2D','90');


INSERT INTO ShoppingCart([CartID],[UserID],[ProductId],[Quantity]) VALUES('98D96E16-8CC5-4199-B3ED-2A45A0ACB112','1ECAC303-34E9-4A15-835C-ABCAC5D039DD','DD1A7A02-A161-49AF-997A-9CDB7E98AA35','2');
INSERT INTO ShoppingCart([CartID],[UserID],[ProductId],[Quantity]) VALUES('41CF9A2F-ECE2-44D7-88D4-E68071F750BD','1ECAC303-34E9-4A15-835C-ABCAC5D039DD','081CBF65-E220-4062-8C5C-FCFFCB32D383','1');
INSERT INTO ShoppingCart([CartID],[UserID],[ProductId],[Quantity]) VALUES('EFBF6163-8E16-4C45-B517-B032FEBFFB38','1ECAC303-34E9-4A15-835C-ABCAC5D039DD','CBF4DBED-A5D0-4890-9354-96C2F806DE45','1');


INSERT INTO Orders([OrderID],[UserId],[BuyerName],[BuyerEmail],[BuyerAddress],[OrderDate]) VALUES('0472F1C6-1848-47A8-AC22-6966A609FF6E','1ECAC303-34E9-4A15-835C-ABCAC5D039DD','Upton Flynn','felis.ullamcorper.viverra@Suspendissenonleo.edu','5661 Turpis. St., Fallais, Guinea','2008-11-11');
INSERT INTO Orders([OrderID],[UserId],[BuyerName],[BuyerEmail],[BuyerAddress],[OrderDate]) VALUES('099FC88A-B51A-47A0-993A-C48912ECCB6E','5D1FC4D4-87C1-478A-9F86-4177F1C05654','Hillary Holder','cursus.diam.at@nunc.org','510-559 Ante St., Buggenhout, Togo','2014-11-11');
INSERT INTO Orders([OrderID],[UserId],[BuyerName],[BuyerEmail],[BuyerAddress],[OrderDate]) VALUES('9900FB65-92C7-48F9-ADA6-D94293F682AE','94968FB9-F649-45B2-B24D-543FDA14B563','Whilmina Meyers','Proin@dictumeu.co.uk','P.O. Box 361, 8723 At, Street, Lathuy, Heard Island and Mcdonald Islands','2009-1-1');

INSERT INTO OrderedProducts([SoldItemID],[OrderID],[UserID],[ProductID],[Quantity]) VALUES('F7B99005-AF19-4331-AE13-9DAA08DE2F95','0472F1C6-1848-47A8-AC22-6966A609FF6E','1ECAC303-34E9-4A15-835C-ABCAC5D039DD','DD1A7A02-A161-49AF-997A-9CDB7E98AA35','1');
INSERT INTO OrderedProducts([SoldItemID],[OrderID],[UserID],[ProductID],[Quantity]) VALUES('2BAEA320-5587-43B9-9FF6-83A90BCF07D1','0472F1C6-1848-47A8-AC22-6966A609FF6E','1ECAC303-34E9-4A15-835C-ABCAC5D039DD','BC0BC500-3C68-445F-B339-4C27041D9A43','2');
INSERT INTO OrderedProducts([SoldItemID],[OrderID],[UserID],[ProductId],[Quantity]) VALUES('3809E857-2DD8-4C5F-A511-A2315FD954AE','0472F1C6-1848-47A8-AC22-6966A609FF6E','1ECAC303-34E9-4A15-835C-ABCAC5D039DD','17B3957F-CAEE-4208-A439-0B16FC8CCA4A','3');

INSERT INTO OrderedProducts([SoldItemID],[OrderID],[UserID],[ProductID],[Quantity]) VALUES('DF4D99A2-7B14-48F1-B298-A83A7759EA06','099FC88A-B51A-47A0-993A-C48912ECCB6E','5D1FC4D4-87C1-478A-9F86-4177F1C05654','FADB7490-52BD-4140-BBE2-CEF39B47B1C1','1');
INSERT INTO OrderedProducts([SoldItemID],[OrderID],[UserID],[ProductID],[Quantity]) VALUES('320DBFFD-083D-4476-A37F-CD5B4089493A','099FC88A-B51A-47A0-993A-C48912ECCB6E','5D1FC4D4-87C1-478A-9F86-4177F1C05654','BC0BC500-3C68-445F-B339-4C27041D9A43','2');
INSERT INTO OrderedProducts([SoldItemID],[OrderID],[UserID],[ProductId],[Quantity]) VALUES('1F111A85-5F62-40FF-869B-E4E0152B34F5','099FC88A-B51A-47A0-993A-C48912ECCB6E','5D1FC4D4-87C1-478A-9F86-4177F1C05654','5D904388-431D-4B61-993A-D85D087886F9','1');

INSERT INTO OrderedProducts([SoldItemID],[OrderID],[UserID],[ProductID],[Quantity]) VALUES('C213AB98-64E4-4323-8B72-0C05EDB61A76','9900FB65-92C7-48F9-ADA6-D94293F682AE','94968FB9-F649-45B2-B24D-543FDA14B563','80AB1B62-4320-4547-9869-6B0244B38E01','1');
INSERT INTO OrderedProducts([SoldItemID],[OrderID],[UserID],[ProductID],[Quantity]) VALUES('7CE4CF80-E551-4805-9A52-B906ED51DA41','9900FB65-92C7-48F9-ADA6-D94293F682AE','94968FB9-F649-45B2-B24D-543FDA14B563','53FF1A2B-BCB8-45C7-B037-362207D35EED','1');
INSERT INTO OrderedProducts([SoldItemID],[OrderID],[UserID],[ProductId],[Quantity]) VALUES('617718BE-378C-4E42-97B6-AA1E62415DF6','9900FB65-92C7-48F9-ADA6-D94293F682AE','94968FB9-F649-45B2-B24D-543FDA14B563','320BCD14-B175-4880-9C4C-4B20FA4CF8D8','1');

